[{"name":"Unnamed","score":71},{"name":"Willy","score":47},{"name":"Unnamed","score":33},{"name":"WIlly","score":32},{"name":"ko","score":32},{"name":"Willy","score":31},{"name":"Unnamed","score":31},{"name":"xD","score":28},{"name":"ko","score":27},{"name":"Unnamed","score":27},{"name":"Unnamed","score":26},{"name":"Willy","score":24},{"name":"Alex","score":24},{"name":"Unnamed","score":23},{"name":"Willy","score":17},{"name":"Willy","score":17},{"name":"Unnamed","score":14},{"name":"Will","score":13},{"name":"REEEEEE","score":12},{"name":"Unnamed","score":12},{"name":"yeboi","score":12},{"name":"Willy","score":8},{"name":"Unnamed","score":7},{"name":"Unnamed","score":6},{"name":"Alex","score":4},{"name":"Unnamed","score":4},{"name":"Willy","score":3},{"name":"Wiily","score":3},{"name":"Unnamed","score":3},{"name":"Willy","score":1}]